date,category,amount,type,description
2020-01-02,Food & Drink,1485.69,expense,Score each.
2020-01-02,Utilities,1475.58,expense,Quality throughout.
2020-01-04,Rent,1185.08,expense,Instead ahead despite measure ago.
2020-01-05,Investment,2291.0,income,Information last everything thank serve.
2020-01-13,Food & Drink,1126.88,expense,Future choice whatever from.
2020-01-14,Shopping,448.68,expense,Benefit suggest page southern.
2020-01-18,Food & Drink,1520.03,expense,By two bad fall pick.
2020-01-19,Other,3287.0,income,Court attorney product significant world.
2020-01-21,Entertainment,1914.85,expense,Herself law.
2020-01-25,Rent,766.06,expense,Have decide environment.
2020-01-25,Health & Fitness,1211.41,expense,Play move each left establish.
2020-01-26,Salary,1077.09,expense,Range successful simply.
2020-01-29,Shopping,166.81,expense,Source husband.
2020-01-30,Health & Fitness,1158.93,expense,Tree note responsibility.
2020-01-31,Food & Drink,1325.91,expense,How trip learn enter.
2020-01-31,Rent,1712.08,expense,Much section investment on gun.
2020-01-31,Shopping,563.17,expense,Management sense technology check civil.
2020-02-02,Health & Fitness,333.68,expense,As high you more wife.
2020-02-04,Travel,1406.62,expense,Race mr.
2020-02-05,Rent,1222.17,expense,Born itself law west.
2020-02-05,Investment,1838.0,income,Seven medical blood personal.
2020-02-07,Travel,1979.15,expense,Current hear claim well two.
2020-02-07,Entertainment,1372.38,expense,Food affect upon these story.
2020-02-08,Food & Drink,465.81,expense,Around there water.
2020-02-08,Other,3786.0,income,Staff within mouth call.
2020-02-09,Entertainment,1827.14,expense,Close month parent who up.
2020-02-11,Health & Fitness,433.13,expense,Human public health.
2020-02-13,Salary,294.31,expense,Building different full open.
2020-02-15,Other,4009.0,income,Detail audience piece director town.
2020-02-16,Shopping,730.37,expense,Method everything.
2020-02-16,Utilities,1023.96,expense,Much rich think.
2020-02-18,Investment,1398.0,income,Drug list imagine behind.
2020-02-19,Investment,3958.0,income,Interest level rock pull.
2020-02-20,Shopping,769.42,expense,I fund.
2020-02-26,Travel,1942.45,expense,Court movie cell.
2020-02-27,Food & Drink,1363.76,expense,Leg themselves away.
2020-02-28,Other,3286.0,income,Anything yourself.
2020-02-28,Other,1795.0,income,Unit support.
2020-02-29,Travel,1944.06,expense,Magazine degree husband around.
2020-03-03,Rent,1742.33,expense,World enter.
2020-03-04,Entertainment,314.15,expense,Institution whatever yet.
2020-03-04,Food & Drink,1201.9,expense,Choice father why often.
2020-03-09,Rent,1858.91,expense,Security arm.
2020-03-09,Travel,486.51,expense,Me system church whether.
2020-03-11,Rent,180.45,expense,Attention attack technology.
2020-03-11,Rent,1956.19,expense,Walk now often.
2020-03-12,Utilities,265.5,expense,Bank price north first end.
2020-03-12,Utilities,537.46,expense,Enter capital population.
2020-03-14,Shopping,1929.08,expense,Upon very act perform.
2020-03-15,Entertainment,1428.77,expense,Available defense.
2020-03-18,Health & Fitness,881.82,expense,Value thing these.
2020-03-21,Rent,503.33,expense,Citizen street region.
2020-03-23,Investment,2385.0,income,Property never.
2020-03-23,Food & Drink,151.28,expense,Enough threat score.
2020-03-24,Entertainment,144.13,expense,Example decision garden.
2020-03-28,Other,1080.0,income,Major town suffer begin.
2020-04-01,Travel,1341.27,expense,Analysis four capital.
2020-04-05,Utilities,1449.47,expense,Scientist necessary into.
2020-04-06,Salary,493.56,expense,Away third.
2020-04-06,Shopping,388.92,expense,Along hard need involve among.
2020-04-10,Other,3402.0,income,Together decide.
2020-04-17,Salary,1729.04,expense,Government nice.
2020-04-17,Investment,996.0,income,See understand door class son.
2020-04-18,Health & Fitness,1603.18,expense,Agent say forward us.
2020-04-22,Investment,2058.0,income,City red him.
2020-04-23,Utilities,849.54,expense,Develop staff least figure.
2020-04-25,Entertainment,1750.23,expense,Age cover foreign.
2020-04-26,Investment,914.0,income,Go meeting quickly.
2020-04-26,Food & Drink,1938.3,expense,Voice boy wife condition.
2020-04-27,Entertainment,340.96,expense,Board its.
2020-04-27,Entertainment,1730.65,expense,Paper memory history office.
2020-04-29,Utilities,764.16,expense,Remember ability.
2020-04-30,Travel,1853.77,expense,Hair attorney professional.
2020-05-01,Travel,851.78,expense,Finish summer rest feel finally.
2020-05-03,Salary,318.05,expense,I fast camera inside.
2020-05-03,Food & Drink,1162.57,expense,Past feeling nature.
2020-05-05,Health & Fitness,123.76,expense,Expert involve oil.
2020-05-06,Utilities,123.19,expense,Kid put memory soldier.
2020-05-06,Utilities,146.36,expense,Exist professional.
2020-05-07,Investment,3807.0,income,Stand seem.
2020-05-11,Investment,825.0,income,Southern challenge animal.
2020-05-12,Shopping,1318.17,expense,Sure authority increase picture create.
2020-05-13,Health & Fitness,1870.07,expense,Hundred challenge reach throughout.
2020-05-14,Health & Fitness,484.99,expense,Despite sound receive let.
2020-05-15,Travel,919.88,expense,True building card.
2020-05-16,Rent,28.54,expense,Write other wear through partner.
2020-05-17,Rent,155.79,expense,Store natural today season.
2020-05-19,Travel,273.59,expense,Else easy point she.
2020-05-20,Rent,1759.75,expense,Phone ever back experience.
2020-05-21,Utilities,881.99,expense,Floor music catch discuss.
2020-05-25,Travel,1227.24,expense,Ask imagine my.
2020-05-27,Food & Drink,1339.05,expense,Deal information.
2020-05-28,Rent,1878.47,expense,Task she.
2020-05-29,Investment,1376.0,income,Accept goal send table.
2020-05-30,Utilities,551.97,expense,Section national owner determine detail.
2020-05-31,Health & Fitness,415.16,expense,Ahead from quickly identify.
2020-05-31,Travel,1015.76,expense,Try wonder move trade.
2020-06-01,Food & Drink,193.67,expense,Base investment.
2020-06-02,Travel,97.73,expense,Anyone here deep.
2020-06-05,Utilities,1277.86,expense,Seven here sell story.
2020-06-06,Salary,1107.84,expense,Like see.
2020-06-07,Food & Drink,232.63,expense,Difference attention whatever american.
2020-06-08,Utilities,1095.72,expense,Current after charge.
2020-06-09,Utilities,865.28,expense,Prove nor design record.
2020-06-09,Other,826.0,income,Paper white responsibility.
2020-06-10,Entertainment,1367.31,expense,Blue agent find.
2020-06-10,Health & Fitness,1562.43,expense,Walk cup option store.
2020-06-11,Shopping,1947.94,expense,Recent feeling.
2020-06-11,Entertainment,1730.57,expense,Site girl into have media.
2020-06-12,Utilities,1764.02,expense,Support state.
2020-06-14,Other,3872.0,income,Whether player stock religious.
2020-06-15,Entertainment,540.94,expense,Safe whole establish.
2020-06-18,Rent,771.26,expense,Let stay or focus.
2020-06-18,Other,2322.0,income,Everything late.
2020-06-18,Other,3364.0,income,Particular her agreement surface consider.
2020-06-19,Entertainment,453.62,expense,Something future they red.
2020-06-19,Shopping,663.24,expense,Act way beat result major.
2020-06-21,Travel,708.78,expense,Position make society behavior.
2020-06-21,Health & Fitness,1879.08,expense,Reality fill ok list.
2020-06-22,Other,1962.0,income,International second former reflect.
2020-06-22,Travel,86.13,expense,Edge building court.
2020-06-24,Health & Fitness,1459.8,expense,Week real course school everybody.
2020-06-30,Rent,776.54,expense,Executive beyond create dinner conference.
2020-06-30,Travel,98.33,expense,Call animal approach factor want.
2020-07-02,Entertainment,734.8,expense,Their off.
2020-07-03,Other,3071.0,income,Key continue anything wait.
2020-07-04,Rent,1442.31,expense,State husband.
2020-07-05,Travel,1337.12,expense,Picture approach chance none fight.
2020-07-06,Travel,1113.28,expense,Newspaper indicate other.
2020-07-06,Other,1925.0,income,Herself training father open investment.
2020-07-08,Travel,818.09,expense,Art whether between several personal.
2020-07-11,Travel,580.96,expense,Church community.
2020-07-12,Health & Fitness,935.33,expense,Able late order.
2020-07-12,Entertainment,1027.24,expense,Discuss religious.
2020-07-13,Utilities,1321.11,expense,Reach under.
2020-07-17,Health & Fitness,195.84,expense,Boy different chance enter.
2020-07-20,Entertainment,1348.86,expense,Arrive society.
2020-07-21,Entertainment,303.23,expense,Keep light fight.
2020-07-21,Other,1096.0,income,Matter management ball.
2020-07-22,Entertainment,1439.51,expense,Same page ago director.
2020-07-22,Shopping,495.53,expense,Week yourself public especially american.
2020-07-22,Food & Drink,1786.39,expense,Million kind everything young.
2020-07-23,Rent,1559.06,expense,Why like impact fly.
2020-07-24,Salary,109.93,expense,Form really explain.
2020-07-28,Rent,918.36,expense,Already because education break significant.
2020-07-28,Health & Fitness,1900.58,expense,Price my.
2020-07-29,Shopping,1662.83,expense,Could gun.
2020-07-30,Utilities,1489.87,expense,Kind appear environment capital explain.
2020-07-31,Travel,1506.04,expense,Ahead picture son.
2020-08-01,Travel,1533.97,expense,Nearly need behavior.
2020-08-01,Entertainment,556.45,expense,Water positive child usually.
2020-08-01,Other,2420.0,income,Relate indeed lot line lead.
2020-08-02,Health & Fitness,1787.12,expense,Course out second carry.
2020-08-03,Investment,2394.0,income,Significant take future.
2020-08-04,Utilities,1415.77,expense,Star executive fear.
2020-08-04,Other,3210.0,income,Your majority chance mrs generation.
2020-08-04,Shopping,133.91,expense,Help usually thank wonder draw.
2020-08-05,Shopping,1810.63,expense,Task improve fish.
2020-08-05,Food & Drink,1714.9,expense,History professional star wonder.
2020-08-06,Shopping,959.19,expense,Call whole.
2020-08-08,Travel,1509.42,expense,Them key.
2020-08-08,Shopping,1081.06,expense,Address century that wide.
2020-08-09,Entertainment,981.58,expense,Sit enter perhaps however.
2020-08-13,Salary,67.76,expense,System teacher here first.
2020-08-14,Shopping,1451.12,expense,Along attention piece tv young.
2020-08-16,Utilities,1961.64,expense,Within set region beyond.
2020-08-17,Shopping,1187.87,expense,Tough animal someone.
2020-08-18,Rent,1289.07,expense,Hear certainly most not.
2020-08-19,Other,1988.0,income,Company participant him.
2020-08-20,Other,3181.0,income,Tree central leave effect.
2020-08-21,Health & Fitness,681.63,expense,Together let.
2020-08-21,Travel,1506.5,expense,Citizen kid generation onto police.
2020-08-22,Travel,1671.47,expense,Lead few yourself.
2020-08-22,Food & Drink,1999.82,expense,Down occur.
2020-08-26,Rent,1564.65,expense,Yeah far within.
2020-08-27,Food & Drink,1899.73,expense,Account ten sing.
2020-08-27,Investment,1748.0,income,Seat strategy total simply discover.
2020-08-29,Salary,1342.22,expense,Pm per question.
2020-08-30,Entertainment,935.42,expense,Best physical always small almost.
2020-08-31,Health & Fitness,343.9,expense,Bed far section.
2020-09-01,Rent,1557.81,expense,Car much will.
2020-09-05,Other,1385.0,income,Tree store either station.
2020-09-05,Travel,1155.84,expense,Second full boy.
2020-09-06,Shopping,799.34,expense,Senior difficult put.
2020-09-07,Rent,1188.27,expense,Hand so add mr lawyer.
2020-09-08,Entertainment,212.78,expense,Herself police he push likely.
2020-09-11,Rent,1594.49,expense,Trip determine as statement.
2020-09-11,Food & Drink,700.94,expense,Bring animal also you.
2020-09-11,Health & Fitness,147.22,expense,Doctor mr.
2020-09-16,Food & Drink,1700.66,expense,He we recent music.
2020-09-17,Rent,872.71,expense,Those pressure street.
2020-09-17,Salary,1417.54,expense,Allow have kitchen.
2020-09-18,Travel,1235.67,expense,Between rate name within.
2020-09-18,Salary,935.1,expense,Huge couple.
2020-09-22,Travel,651.39,expense,Begin deep police wife.
2020-09-22,Rent,565.07,expense,During call north attention.
2020-09-22,Salary,1144.0,expense,Only spend do.
2020-09-23,Health & Fitness,67.11,expense,Able teach certain candidate economy.
2020-09-23,Utilities,980.22,expense,Produce ago.
2020-09-25,Travel,687.27,expense,So draw food company.
2020-09-27,Travel,1116.02,expense,Score moment second.
2020-09-27,Entertainment,180.37,expense,Sing message board mean.
2020-09-27,Salary,1114.8,expense,Feeling poor all your suggest.
2020-09-29,Salary,1295.35,expense,Make travel.
2020-09-30,Food & Drink,195.18,expense,Focus chance.
2020-10-01,Entertainment,619.35,expense,Person one republican.
2020-10-03,Salary,1111.41,expense,Most law painting between reduce.
2020-10-04,Health & Fitness,710.1,expense,Involve thousand including.
2020-10-07,Travel,510.29,expense,Indeed believe interview professor.
2020-10-07,Investment,3084.0,income,Rather listen before.
2020-10-07,Investment,2069.0,income,It season.
2020-10-08,Salary,560.23,expense,News only no.
2020-10-08,Travel,1961.22,expense,Improve them wait.
2020-10-10,Travel,462.69,expense,Why outside.
2020-10-10,Investment,4875.0,income,Official defense.
2020-10-10,Investment,946.0,income,Suggest glass news.
2020-10-12,Utilities,1279.36,expense,Off southern suddenly.
2020-10-14,Rent,1746.71,expense,Participant price.
2020-10-15,Salary,962.64,expense,Congress reflect.
2020-10-16,Food & Drink,512.43,expense,Go consider century price.
2020-10-16,Rent,1646.01,expense,Scientist will begin.
2020-10-16,Rent,1158.27,expense,Heavy law church.
2020-10-18,Utilities,306.9,expense,Since nothing be apply.
2020-10-19,Travel,179.51,expense,Anyone bank kitchen interest parent.
2020-10-23,Shopping,1216.57,expense,Democratic mention generation.
2020-10-24,Entertainment,1553.63,expense,Question or money.
2020-10-26,Salary,601.73,expense,Determine worker.
2020-10-27,Shopping,617.71,expense,Daughter war.
2020-10-27,Rent,1895.7,expense,Face build market.
2020-10-27,Entertainment,536.65,expense,Can mouth discover.
2020-10-28,Investment,1923.0,income,Author technology amount affect.
2020-10-29,Utilities,15.32,expense,Office of remember individual.
2020-10-30,Salary,589.61,expense,Again foot soon peace.
2020-10-31,Travel,1408.95,expense,Join black.
2020-11-01,Entertainment,1848.58,expense,Hundred bad that second develop.
2020-11-01,Entertainment,856.03,expense,Member box.
2020-11-02,Utilities,1817.74,expense,Town glass road.
2020-11-04,Rent,128.68,expense,Bill eight community.
2020-11-06,Travel,883.92,expense,Concern significant.
2020-11-07,Travel,1402.47,expense,Senior service large under.
2020-11-09,Salary,881.14,expense,Follow wife firm key light.
2020-11-10,Shopping,1471.72,expense,Option goal avoid.
2020-11-10,Food & Drink,191.74,expense,Also hard expert popular.
2020-11-12,Food & Drink,1999.15,expense,Order his oil west school.
2020-11-12,Travel,1156.73,expense,Training occur could painting.
2020-11-14,Utilities,946.3,expense,Whatever late specific.
2020-11-14,Travel,371.16,expense,Mean common.
2020-11-14,Salary,1938.42,expense,Yard model particular hair.
2020-11-14,Shopping,673.28,expense,Impact full our smile.
2020-11-15,Utilities,666.31,expense,Form newspaper.
2020-11-15,Travel,1328.54,expense,Edge surface who.
2020-11-16,Food & Drink,915.1,expense,Bank professional true financial.
2020-11-16,Health & Fitness,240.68,expense,Organization visit finally.
2020-11-17,Food & Drink,1318.74,expense,Spend prove stock school.
2020-11-20,Shopping,117.87,expense,Position interest.
2020-11-22,Salary,1254.56,expense,Guy congress.
2020-11-23,Entertainment,541.44,expense,Way main difficult case.
2020-11-25,Other,4089.0,income,Such big side.
2020-11-25,Salary,251.64,expense,Product then.
2020-11-26,Entertainment,1422.47,expense,Heavy class story side speak.
2020-11-27,Food & Drink,1108.98,expense,Analysis hair rest wide.
2020-11-27,Investment,4280.0,income,Doctor dream whole six.
2020-11-29,Utilities,1001.77,expense,Question now key show.
2020-12-01,Travel,836.83,expense,Month whom stage soon.
2020-12-05,Salary,495.02,expense,Appear lose he.
2020-12-05,Shopping,389.31,expense,Surface expect several evening town.
2020-12-06,Utilities,1729.41,expense,Begin treat stage this.
2020-12-10,Shopping,686.35,expense,Apply maybe dog yes.
2020-12-10,Travel,1642.89,expense,Agreement us stuff.
2020-12-11,Travel,1676.58,expense,Case expert stop.
2020-12-12,Salary,1731.87,expense,Large accept bad eight.
2020-12-13,Salary,696.8,expense,Vote participant institution simply down.
2020-12-14,Shopping,916.14,expense,Draw police.
2020-12-14,Entertainment,1961.74,expense,Book toward.
2020-12-16,Shopping,474.79,expense,Place offer.
2020-12-16,Food & Drink,643.17,expense,Investment pass drive.
2020-12-16,Shopping,778.3,expense,Professor beat window.
2020-12-18,Utilities,995.7,expense,Name skill medical after them.
2020-12-18,Other,1322.0,income,Wonder effect administration small.
2020-12-20,Salary,208.43,expense,Run pick sign.
2020-12-20,Food & Drink,1447.66,expense,And national spend.
2020-12-22,Utilities,158.91,expense,Wonder long consider care.
2020-12-23,Travel,683.74,expense,Fall analysis.
2020-12-23,Rent,1705.01,expense,Firm financial.
2020-12-24,Shopping,1908.74,expense,List already positive experience television.
2020-12-25,Salary,1746.04,expense,Event son join hundred.
2020-12-26,Investment,2423.0,income,Fund cost reality happen.
2020-12-28,Travel,1994.88,expense,Song risk bad.
2020-12-30,Shopping,1956.89,expense,Family bill foreign fast knowledge.
2020-12-31,Rent,892.92,expense,Ready goal amount.
2021-01-01,Food & Drink,101.52,expense,Your ever woman way avoid.
2021-01-06,Travel,723.34,expense,Message seek civil all.
2021-01-06,Entertainment,1067.02,expense,Call door.
2021-01-08,Utilities,348.27,expense,Him note painting quickly.
2021-01-10,Other,2472.0,income,Know baby case happen.
2021-01-10,Utilities,472.06,expense,Economic box save.
2021-01-11,Salary,518.1,expense,Hit no energy employee land.
2021-01-12,Other,2856.0,income,Customer career available common.
2021-01-13,Utilities,156.99,expense,Specific whose.
2021-01-13,Travel,1281.49,expense,Remember nearly face feel.
2021-01-14,Travel,919.1,expense,Soldier meeting building.
2021-01-14,Shopping,1708.14,expense,Door management guess.
2021-01-15,Other,3440.0,income,Level work candidate this.
2021-01-15,Travel,53.66,expense,Huge response long.
2021-01-17,Shopping,556.22,expense,Statement available win politics.
2021-01-17,Food & Drink,1822.13,expense,Quite general there sister.
2021-01-19,Travel,1553.72,expense,Item treat area.
2021-01-20,Health & Fitness,445.82,expense,Check clearly follow remember generation.
2021-01-24,Other,1620.0,income,Suffer economy play.
2021-01-26,Food & Drink,624.78,expense,By field move.
2021-01-27,Health & Fitness,1467.4,expense,Option oil commercial.
2021-01-27,Other,3176.0,income,American tell ball we side.
2021-01-27,Utilities,409.58,expense,Short indicate police.
2021-01-27,Health & Fitness,1066.4,expense,Nation politics few each southern.
2021-01-29,Utilities,521.37,expense,Law read citizen.
2021-02-02,Salary,1935.09,expense,Less future century technology.
2021-02-05,Health & Fitness,1610.42,expense,Wish candidate have no.
2021-02-05,Rent,290.11,expense,Letter environment easy.
2021-02-08,Shopping,1934.87,expense,Face his.
2021-02-08,Health & Fitness,189.7,expense,While total spend.
2021-02-09,Travel,1077.78,expense,Couple city you level.
2021-02-09,Travel,1173.27,expense,Age war measure whom.
2021-02-11,Health & Fitness,225.61,expense,Good anything manager think pressure.
2021-02-11,Food & Drink,1242.9,expense,Mr suggest issue.
2021-02-13,Health & Fitness,1831.36,expense,Shake hand hundred now.
2021-02-16,Rent,1274.45,expense,Network available mean share.
2021-02-18,Travel,1301.99,expense,Quite budget window hour some.
2021-02-19,Investment,804.0,income,Voice sense current meeting matter.
2021-02-20,Salary,241.08,expense,Case four.
2021-02-21,Utilities,783.41,expense,Lead paper middle foreign party.
2021-02-23,Shopping,1178.81,expense,Wrong school federal from.
2021-02-24,Shopping,1313.29,expense,Majority none little admit former.
2021-02-27,Shopping,1878.72,expense,On someone rise read.
2021-02-28,Health & Fitness,442.37,expense,Listen whose situation simply officer.
2021-03-02,Entertainment,1712.35,expense,Lose modern return simple herself.
2021-03-02,Other,4960.0,income,Occur red.
2021-03-02,Health & Fitness,130.49,expense,Kid industry.
2021-03-04,Rent,1898.53,expense,Improve simple turn.
2021-03-05,Rent,1328.91,expense,Million night your.
2021-03-05,Food & Drink,110.65,expense,Heavy what least mouth national.
2021-03-07,Utilities,1576.09,expense,Machine whatever everything fear walk.
2021-03-07,Entertainment,1176.9,expense,Relate real major.
2021-03-08,Entertainment,663.83,expense,Night various return explain.
2021-03-09,Investment,2771.0,income,Here woman stand west source.
2021-03-09,Utilities,1975.18,expense,Explain research.
2021-03-10,Utilities,228.75,expense,Pretty section degree still.
2021-03-12,Utilities,39.57,expense,Receive case past only drug.
2021-03-15,Entertainment,1181.82,expense,Point appear including.
2021-03-15,Other,929.0,income,Race case.
2021-03-16,Other,4809.0,income,Imagine various there.
2021-03-16,Investment,4401.0,income,Sense expert experience.
2021-03-17,Health & Fitness,1031.34,expense,Present discussion.
2021-03-17,Investment,855.0,income,Individual study value.
2021-03-18,Travel,921.5,expense,Small control see the.
2021-03-19,Food & Drink,1997.19,expense,Across nothing.
2021-03-20,Shopping,1375.33,expense,Expect writer myself management.
2021-03-21,Salary,156.25,expense,Life cover both class.
2021-03-22,Investment,1038.0,income,Responsibility add front.
2021-03-22,Other,3620.0,income,Purpose cover particularly police if.
2021-03-22,Travel,912.89,expense,Foreign husband believe word local.
2021-03-23,Rent,1588.26,expense,End dog.
2021-03-23,Investment,4023.0,income,Few reveal activity president.
2021-03-24,Entertainment,833.49,expense,Property let.
2021-03-25,Shopping,837.82,expense,Rather type thousand show.
2021-03-26,Other,3060.0,income,Happen determine whatever.
2021-03-27,Health & Fitness,1907.65,expense,Lawyer writer health.
2021-03-28,Salary,143.6,expense,Serious soon stay seven.
2021-03-29,Rent,869.43,expense,Land region back nor article.
2021-03-30,Health & Fitness,1625.42,expense,Dark mr clearly take.
2021-04-01,Health & Fitness,1343.33,expense,Quite response.
2021-04-02,Shopping,1737.5,expense,Together knowledge.
2021-04-03,Travel,1204.82,expense,Car indeed nor next.
2021-04-03,Entertainment,317.91,expense,How staff.
2021-04-03,Rent,706.73,expense,Authority interest red must art.
2021-04-08,Rent,1527.59,expense,All important shoulder she.
2021-04-08,Shopping,1691.86,expense,Year him thank trade.
2021-04-09,Food & Drink,1221.9,expense,Radio product.
2021-04-11,Travel,67.62,expense,President girl condition.
2021-04-11,Travel,1843.86,expense,More road development about.
2021-04-12,Utilities,1741.03,expense,Leg rest interest.
2021-04-13,Shopping,148.47,expense,Easy get every.
2021-04-18,Food & Drink,192.6,expense,Special information.
2021-04-19,Shopping,845.47,expense,Deal beyond almost.
2021-04-19,Health & Fitness,630.16,expense,Scientist i doctor.
2021-04-19,Rent,1767.85,expense,Cell year.
2021-04-19,Investment,1168.0,income,Five our pull fly few.
2021-04-21,Shopping,976.47,expense,Determine feel article we they.
2021-04-23,Travel,438.98,expense,Quickly new another general poor.
2021-04-23,Health & Fitness,865.53,expense,Five indicate chance heavy senior.
2021-04-24,Salary,1058.6,expense,Support feeling remain.
2021-04-27,Entertainment,796.57,expense,None whose.
2021-04-27,Food & Drink,416.8,expense,Care drug data position two.
2021-04-27,Utilities,1530.68,expense,Movie stop.
2021-04-30,Rent,25.38,expense,Help painting always.
2021-05-02,Utilities,267.08,expense,Source onto provide.
2021-05-04,Entertainment,1005.52,expense,Decade trade field training.
2021-05-04,Health & Fitness,153.43,expense,While bring yourself.
2021-05-06,Food & Drink,878.08,expense,Receive region however.
2021-05-07,Rent,1725.6,expense,Focus executive letter possible final.
2021-05-07,Shopping,1421.9,expense,Third letter sort reveal seven.
2021-05-07,Rent,816.01,expense,Have including none.
2021-05-10,Utilities,1604.63,expense,Administration network once.
2021-05-11,Health & Fitness,185.38,expense,Charge form here.
2021-05-11,Entertainment,877.0,expense,Nearly want front shake.
2021-05-12,Rent,797.58,expense,Leave run goal cause.
2021-05-14,Health & Fitness,450.93,expense,Contain threat wrong whatever.
2021-05-14,Rent,1025.86,expense,Stuff avoid.
2021-05-15,Investment,3362.0,income,Include successful.
2021-05-17,Utilities,480.18,expense,Religious across.
2021-05-19,Investment,1921.0,income,Health pay project pattern.
2021-05-22,Rent,362.52,expense,Administration mother in admit.
2021-05-23,Salary,933.27,expense,Within admit spend purpose south.
2021-05-24,Salary,1365.46,expense,Truth modern.
2021-05-24,Health & Fitness,1729.85,expense,People education great.
2021-05-24,Utilities,885.13,expense,Health image.
2021-05-25,Travel,1594.7,expense,Wrong difficult range.
2021-05-25,Health & Fitness,1019.6,expense,Behavior here.
2021-05-27,Salary,84.84,expense,Argue act commercial matter.
2021-05-27,Travel,162.69,expense,Not teach believe month.
2021-05-29,Rent,1233.87,expense,Deep test thought.
2021-05-30,Salary,1164.86,expense,Another avoid understand.
2021-05-31,Food & Drink,904.97,expense,Probably conference sure administration debate.
2021-05-31,Entertainment,649.84,expense,Up federal nor note.
2021-06-02,Utilities,1915.87,expense,Forward sense cause write right.
2021-06-02,Health & Fitness,1964.95,expense,Approach join stuff future.
2021-06-03,Investment,820.0,income,Ahead event yeah make.
2021-06-06,Salary,1982.06,expense,Wait it quickly produce beat.
2021-06-06,Utilities,734.16,expense,Require bank child.
2021-06-06,Shopping,823.45,expense,First blood accept final.
2021-06-09,Food & Drink,1580.56,expense,Bill beautiful issue.
2021-06-11,Rent,666.08,expense,Mention billion bed never others.
2021-06-11,Shopping,575.45,expense,Activity including single right.
2021-06-14,Utilities,673.39,expense,Occur college herself.
2021-06-15,Utilities,1834.33,expense,Feeling manage as.
2021-06-16,Shopping,266.61,expense,Inside machine baby.
2021-06-20,Rent,626.07,expense,Result many pattern.
2021-06-20,Health & Fitness,1628.24,expense,Career according.
2021-06-22,Rent,1295.59,expense,Success here television key.
2021-06-23,Health & Fitness,46.28,expense,Carry fly water cut fire.
2021-06-24,Entertainment,690.05,expense,Fact reason make office.
2021-06-26,Entertainment,460.82,expense,Heavy staff hotel box.
2021-06-27,Investment,2923.0,income,Or nation race.
2021-06-28,Rent,1020.3,expense,Well left.
2021-06-28,Food & Drink,1327.24,expense,Something story attorney summer.
2021-06-28,Utilities,1198.52,expense,Cause field education child.
2021-06-28,Investment,1856.0,income,Available wrong look husband.
2021-06-29,Food & Drink,827.61,expense,Myself so growth time.
2021-07-04,Entertainment,1939.48,expense,Point be shoulder price great.
2021-07-04,Salary,475.67,expense,Worker quality hundred sell whole.
2021-07-04,Salary,1808.91,expense,Action else.
2021-07-06,Other,4282.0,income,Newspaper reach determine hear leg.
2021-07-07,Shopping,1010.78,expense,General agency bit.
2021-07-09,Utilities,1635.61,expense,Break wait.
2021-07-09,Utilities,1747.27,expense,Find lay deal lot.
2021-07-10,Other,3540.0,income,Just recent.
2021-07-10,Rent,1425.69,expense,Feel special.
2021-07-11,Rent,577.28,expense,Support possible.
2021-07-11,Travel,904.15,expense,Might necessary former.
2021-07-11,Shopping,192.51,expense,Discussion if continue policy.
2021-07-12,Salary,1770.41,expense,Ahead pass culture or.
2021-07-13,Shopping,115.98,expense,Relate day.
2021-07-14,Entertainment,778.47,expense,Big the cost for leader.
2021-07-15,Investment,730.0,income,Month police others particularly.
2021-07-19,Rent,1679.96,expense,Girl suddenly.
2021-07-19,Utilities,283.82,expense,Try opportunity public.
2021-07-23,Salary,1395.18,expense,Draw bring health.
2021-07-23,Other,4174.0,income,Home others offer institution main.
2021-07-24,Rent,47.82,expense,Never majority cell.
2021-07-28,Utilities,1102.12,expense,People tend weight machine.
2021-07-29,Shopping,231.26,expense,White measure manager range.
2021-08-02,Travel,252.48,expense,Major bar air set.
2021-08-06,Salary,134.99,expense,Ever mrs.
2021-08-07,Salary,1197.51,expense,Not significant manager member.
2021-08-07,Investment,1676.0,income,Environmental myself.
2021-08-08,Food & Drink,1233.47,expense,State among rest national wrong.
2021-08-09,Shopping,382.75,expense,Fear yourself last.
2021-08-11,Health & Fitness,144.68,expense,Keep yes.
2021-08-13,Food & Drink,787.0,expense,Specific onto go.
2021-08-13,Shopping,1962.27,expense,Pattern size spend.
2021-08-15,Food & Drink,720.62,expense,Go exactly much food region.
2021-08-16,Investment,1349.0,income,Environment teach world quickly believe.
2021-08-18,Health & Fitness,275.49,expense,Yeah term.
2021-08-20,Health & Fitness,1628.88,expense,Economic represent stock.
2021-08-21,Other,4420.0,income,Central plan physical heart.
2021-08-21,Utilities,135.57,expense,Idea seek.
2021-08-22,Salary,83.6,expense,Wear force able similar.
2021-08-23,Entertainment,1772.72,expense,Play recently sure somebody.
2021-08-24,Travel,1035.61,expense,Why station manager.
2021-08-25,Salary,514.09,expense,Front official not.
2021-08-27,Entertainment,579.36,expense,Thus several animal phone.
2021-08-29,Food & Drink,1732.94,expense,Buy tax.
2021-09-05,Rent,1600.69,expense,A when dark read.
2021-09-06,Shopping,1489.18,expense,City usually ever.
2021-09-09,Shopping,684.68,expense,Bar professor power.
2021-09-09,Other,3509.0,income,Personal rise sense investment.
2021-09-09,Travel,1604.28,expense,Ability live.
2021-09-10,Rent,866.91,expense,Difficult quite act receive stage.
2021-09-11,Utilities,1095.49,expense,Local director become.
2021-09-11,Rent,662.56,expense,Finish thing.
2021-09-11,Salary,1209.22,expense,Similar send card year.
2021-09-11,Salary,709.58,expense,Most across.
2021-09-15,Other,4063.0,income,Goal defense security turn.
2021-09-16,Food & Drink,159.33,expense,Beautiful beyond sell.
2021-09-16,Health & Fitness,1031.04,expense,White fire cause everybody.
2021-09-17,Utilities,1906.05,expense,Network outside parent.
2021-09-17,Other,785.0,income,Day parent country.
2021-09-19,Investment,3500.0,income,Position six soldier.
2021-09-19,Food & Drink,1214.14,expense,History drop point audience.
2021-09-19,Health & Fitness,750.31,expense,Value car team nothing.
2021-09-19,Utilities,1063.63,expense,Raise several west side admit.
2021-09-20,Travel,506.73,expense,Energy always.
2021-09-21,Investment,4588.0,income,Media pick may indeed.
2021-09-28,Rent,530.94,expense,Policy mrs.
2021-10-01,Salary,437.0,expense,Base bad tv.
2021-10-07,Salary,408.35,expense,Force only shake power poor.
2021-10-08,Investment,4203.0,income,Role suffer around beat.
2021-10-13,Other,1219.0,income,Law participant.
2021-10-13,Health & Fitness,1339.0,expense,Budget remain reduce.
2021-10-13,Travel,1783.75,expense,Well mission situation result.
2021-10-16,Utilities,1589.46,expense,Camera sit environmental though.
2021-10-20,Rent,1970.41,expense,Southern evening ask republican.
2021-10-21,Entertainment,1582.84,expense,Baby lawyer growth matter note.
2021-10-22,Other,4328.0,income,Effort bill off.
2021-10-24,Utilities,1227.78,expense,Scientist able teach.
2021-10-24,Other,3761.0,income,Animal hair turn.
2021-10-27,Salary,1056.13,expense,Need trial.
2021-10-27,Rent,259.4,expense,Focus indicate result.
2021-10-30,Rent,905.45,expense,Number budget.
2021-11-03,Health & Fitness,265.39,expense,Development middle animal.
2021-11-04,Utilities,1537.89,expense,Theory tend.
2021-11-05,Investment,1517.0,income,Beat lead hard factor.
2021-11-05,Travel,337.67,expense,Drug happy will young simply.
2021-11-06,Entertainment,698.59,expense,Character usually agency.
2021-11-07,Travel,1693.41,expense,Player really act friend.
2021-11-10,Travel,259.09,expense,Billion morning draw.
2021-11-15,Rent,1010.12,expense,Win central.
2021-11-16,Investment,1902.0,income,Analysis discuss.
2021-11-17,Health & Fitness,1686.63,expense,Red head window be.
2021-11-18,Food & Drink,171.63,expense,Card star avoid nothing.
2021-11-18,Travel,1305.75,expense,Door end fire.
2021-11-19,Shopping,1240.04,expense,Fish evening avoid dark.
2021-11-21,Other,2974.0,income,Choice clearly.
2021-11-21,Shopping,601.89,expense,Image movie who debate.
2021-11-21,Investment,1794.0,income,Enter build citizen rather.
2021-11-23,Salary,934.24,expense,Structure foreign before.
2021-11-26,Utilities,632.04,expense,How any federal star.
2021-11-27,Health & Fitness,1950.99,expense,Weight take.
2021-11-28,Other,4718.0,income,Economic left sound cause activity.
2021-12-01,Health & Fitness,491.06,expense,Cup hundred rather.
2021-12-02,Other,2530.0,income,Only true avoid young cup.
2021-12-03,Investment,2877.0,income,Begin suggest speak.
2021-12-03,Shopping,504.06,expense,Walk anything.
2021-12-08,Utilities,1628.82,expense,Start house ahead raise.
2021-12-09,Health & Fitness,387.77,expense,Democrat cost evidence third.
2021-12-09,Other,4585.0,income,People early far include nearly.
2021-12-11,Salary,56.12,expense,Evidence case.
2021-12-12,Salary,1933.71,expense,Eat yes myself affect him.
2021-12-13,Health & Fitness,106.83,expense,Name machine tree maybe.
2021-12-13,Salary,578.64,expense,Conference five despite.
2021-12-15,Investment,4030.0,income,Speak line.
2021-12-15,Other,3496.0,income,Yourself wind beyond prevent entire.
2021-12-16,Health & Fitness,100.03,expense,Offer work home.
2021-12-19,Investment,3469.0,income,Door fish scene.
2021-12-20,Rent,778.83,expense,Agreement red way nor none.
2021-12-20,Travel,1652.37,expense,My compare also argue.
2021-12-23,Rent,266.04,expense,Money a.
2021-12-24,Other,3277.0,income,Future concern sort.
2021-12-26,Health & Fitness,1512.38,expense,Against only.
2021-12-28,Other,4596.0,income,Suffer team.
2021-12-31,Investment,1622.0,income,Relate product only from.
2022-01-01,Salary,1043.47,expense,Wish run join.
2022-01-03,Investment,3186.0,income,Company why really up.
2022-01-03,Health & Fitness,333.38,expense,Program sport her.
2022-01-03,Travel,1191.51,expense,Concern ability reduce.
2022-01-04,Salary,1420.39,expense,Surface side nothing consider.
2022-01-05,Food & Drink,743.03,expense,Determine not view cell seat.
2022-01-06,Shopping,1171.57,expense,Word collection those become.
2022-01-08,Food & Drink,1197.85,expense,Activity decide really go.
2022-01-09,Entertainment,1445.59,expense,Answer just.
2022-01-13,Utilities,1053.22,expense,This manage her.
2022-01-13,Shopping,304.07,expense,Big look tell prepare.
2022-01-14,Food & Drink,1149.41,expense,Later son almost.
2022-01-16,Entertainment,47.69,expense,End bit game thousand.
2022-01-16,Utilities,831.79,expense,Natural together.
2022-01-18,Salary,1746.91,expense,Order party lot all.
2022-01-18,Food & Drink,1414.49,expense,Threat church big day couple.
2022-01-21,Health & Fitness,1996.26,expense,Enter example down anyone occur.
2022-01-21,Shopping,634.37,expense,Approach about because.
2022-01-22,Other,4975.0,income,Best deal point.
2022-01-23,Travel,1224.05,expense,Such final however major.
2022-01-24,Investment,2785.0,income,Politics hold.
2022-01-28,Entertainment,1883.56,expense,Hard knowledge enjoy let.
2022-02-01,Travel,1412.75,expense,Nor character recent.
2022-02-02,Salary,640.91,expense,Property space.
2022-02-05,Travel,582.7,expense,Dinner article hit mission whole.
2022-02-05,Shopping,1792.56,expense,Think live bad total research.
2022-02-06,Health & Fitness,1909.67,expense,Too song quality per build.
2022-02-08,Travel,93.71,expense,We cold deep.
2022-02-08,Rent,699.26,expense,Amount bad raise.
2022-02-09,Travel,1497.2,expense,Challenge organization floor road southern.
2022-02-10,Travel,1866.72,expense,News need task mind.
2022-02-10,Utilities,227.36,expense,Onto site both change note.
2022-02-10,Entertainment,492.49,expense,Understand none.
2022-02-10,Entertainment,1279.51,expense,Test they there.
2022-02-11,Other,3205.0,income,Pressure occur list common.
2022-02-14,Rent,1365.57,expense,Peace race i.
2022-02-17,Investment,3833.0,income,Real any little environmental.
2022-02-17,Salary,960.12,expense,Full soldier.
2022-02-17,Other,3131.0,income,Successful teach range.
2022-02-17,Food & Drink,1816.79,expense,Feel season similar.
2022-02-18,Investment,4883.0,income,Rock painting become.
2022-02-21,Food & Drink,1827.33,expense,Tree imagine machine.
2022-02-22,Investment,797.0,income,Start middle city find.
2022-02-22,Shopping,1578.04,expense,Career surface these ahead.
2022-02-25,Other,806.0,income,Student economic lead.
2022-02-27,Investment,3244.0,income,Ever statement measure.
2022-03-01,Salary,1779.63,expense,Drop major.
2022-03-02,Other,2735.0,income,Whether listen necessary.
2022-03-04,Investment,3208.0,income,Study else store.
2022-03-05,Other,2607.0,income,Agree anyone take.
2022-03-07,Food & Drink,1475.87,expense,Positive question especially.
2022-03-07,Entertainment,359.23,expense,After sister should across treatment.
2022-03-12,Shopping,1655.71,expense,Song difference part wall require.
2022-03-14,Rent,807.66,expense,Time surface learn design.
2022-03-17,Investment,4411.0,income,Station however bill memory production.
2022-03-17,Entertainment,23.59,expense,Positive participant fear blue as.
2022-03-18,Salary,1509.98,expense,Technology end represent throughout.
2022-03-18,Travel,1169.1,expense,Change she tonight.
2022-03-18,Travel,1310.83,expense,Race return pretty young.
2022-03-20,Food & Drink,1338.89,expense,Identify say on yes.
2022-03-20,Utilities,816.78,expense,Risk develop movement size.
2022-03-22,Travel,1383.68,expense,Feel color price next.
2022-03-23,Travel,741.41,expense,Likely scientist.
2022-03-23,Utilities,961.58,expense,Water tonight pressure.
2022-03-24,Health & Fitness,837.53,expense,Development the inside thought.
2022-03-25,Salary,1517.13,expense,One less brother.
2022-03-26,Entertainment,1526.1,expense,Oil per line create build.
2022-03-27,Rent,1055.76,expense,Fear approach take case customer.
2022-03-28,Health & Fitness,165.42,expense,Throughout would century television congress.
2022-03-28,Food & Drink,1659.26,expense,Forward would finish around.
2022-03-28,Entertainment,1149.68,expense,Decide similar office.
2022-03-28,Other,4762.0,income,Size sister can its.
2022-03-29,Entertainment,1436.67,expense,Investment local above move.
2022-03-29,Salary,1619.3,expense,Throughout series.
2022-03-31,Shopping,919.03,expense,Adult above safe.
2022-03-31,Other,3024.0,income,Fine bill me fill.
2022-03-31,Shopping,516.37,expense,Fear fact.
2022-04-01,Investment,1098.0,income,Model its rather card you.
2022-04-01,Other,1022.0,income,Seek close trade speech.
2022-04-01,Food & Drink,1869.82,expense,Difference world deep.
2022-04-01,Other,759.0,income,Mean but represent society heart.
2022-04-02,Utilities,1540.25,expense,Perhaps order answer blue structure.
2022-04-02,Shopping,755.18,expense,Indicate herself.
2022-04-03,Salary,1740.54,expense,Listen check receive.
2022-04-03,Shopping,169.7,expense,Inside big minute.
2022-04-04,Utilities,1310.53,expense,Store bit responsibility brother.
2022-04-05,Utilities,1985.77,expense,Marriage participant.
2022-04-08,Utilities,1458.44,expense,Win group important civil nature.
2022-04-09,Food & Drink,1514.8,expense,Former able public trade.
2022-04-09,Salary,1350.26,expense,Chance bed memory rich.
2022-04-10,Shopping,1648.49,expense,Popular lead with.
2022-04-10,Health & Fitness,318.69,expense,Anyone spend them system.
2022-04-16,Investment,763.0,income,International break surface three.
2022-04-18,Shopping,1233.7,expense,Professional color group.
2022-04-18,Food & Drink,488.93,expense,Environmental run head garden box.
2022-04-21,Investment,4157.0,income,Even history surface son.
2022-04-22,Food & Drink,497.02,expense,Car risk.
2022-04-22,Other,2419.0,income,Indeed opportunity.
2022-04-24,Food & Drink,288.87,expense,Consider here grow agreement.
2022-04-24,Entertainment,1633.41,expense,Turn both in animal.
2022-04-29,Health & Fitness,1159.17,expense,Actually than modern season.
2022-04-30,Health & Fitness,481.44,expense,Within prove full.
2022-05-02,Entertainment,832.98,expense,Believe product eat generation put.
2022-05-02,Utilities,1255.73,expense,Stuff next write.
2022-05-03,Salary,103.3,expense,Poor church.
2022-05-05,Shopping,1573.75,expense,Thank avoid man drive.
2022-05-05,Shopping,822.44,expense,Medical nearly.
2022-05-06,Utilities,1511.29,expense,Stage bad know of.
2022-05-07,Entertainment,608.47,expense,Language budget market president.
2022-05-07,Salary,1830.33,expense,Include news a before.
2022-05-07,Shopping,1119.0,expense,None pressure lay future stay.
2022-05-08,Investment,2588.0,income,Forward should outside respond.
2022-05-08,Rent,1845.23,expense,Box service develop game.
2022-05-09,Rent,1075.91,expense,Miss reduce animal clearly cell.
2022-05-09,Food & Drink,544.24,expense,Effect cultural.
2022-05-11,Food & Drink,1748.5,expense,Democratic station course full.
2022-05-13,Investment,4427.0,income,Unit study.
2022-05-13,Health & Fitness,613.34,expense,Leader operation mean white.
2022-05-14,Entertainment,1874.95,expense,Save network item one under.
2022-05-19,Rent,1496.29,expense,Community spring billion price paper.
2022-05-19,Entertainment,1394.3,expense,Thing industry participant realize.
2022-05-20,Shopping,1831.1,expense,Huge garden family.
2022-05-20,Travel,767.52,expense,Include record security.
2022-05-22,Health & Fitness,623.76,expense,Team republican very plan cut.
2022-05-23,Salary,937.35,expense,Tv car report window.
2022-05-24,Salary,1525.64,expense,My pm report set.
2022-05-24,Entertainment,747.7,expense,Old wall report purpose.
2022-05-25,Entertainment,1485.09,expense,There institution actually.
2022-05-27,Other,2918.0,income,Herself apply.
2022-05-28,Other,2384.0,income,Environment size worker.
2022-05-29,Entertainment,1003.61,expense,Style real far.
2022-05-29,Health & Fitness,522.08,expense,Grow laugh.
2022-05-30,Salary,927.05,expense,Score night down.
2022-05-30,Health & Fitness,346.84,expense,Unit hold.
2022-05-31,Salary,376.26,expense,Approach season data than team.
2022-06-01,Food & Drink,1052.65,expense,Treatment relate positive.
2022-06-01,Rent,1890.92,expense,Cultural right cover large work.
2022-06-04,Food & Drink,830.66,expense,While same budget.
2022-06-04,Entertainment,145.26,expense,Evidence enough claim suffer.
2022-06-06,Investment,4642.0,income,Letter visit always up.
2022-06-07,Food & Drink,1239.49,expense,Past product make of group.
2022-06-07,Salary,1321.98,expense,Detail contain attention measure indeed.
2022-06-11,Other,597.0,income,Begin determine degree forward.
2022-06-11,Other,4888.0,income,Despite sell most.
2022-06-12,Food & Drink,1009.41,expense,Boy generation.
2022-06-12,Shopping,1614.27,expense,Truth during always those high.
2022-06-12,Rent,1836.92,expense,Either rich agency might.
2022-06-13,Entertainment,391.94,expense,Sort knowledge analysis together court.
2022-06-17,Health & Fitness,541.98,expense,Way cold.
2022-06-17,Health & Fitness,1919.0,expense,Account assume prove similar ten.
2022-06-18,Entertainment,1980.56,expense,Day stock.
2022-06-19,Rent,1310.93,expense,Section child.
2022-06-20,Food & Drink,196.07,expense,Also available concern edge.
2022-06-21,Salary,121.67,expense,Start treat imagine later identify.
2022-06-21,Investment,1177.0,income,Hope brother.
2022-06-23,Shopping,1293.37,expense,As second animal summer group.
2022-06-23,Rent,1790.63,expense,Face rate.
2022-06-25,Entertainment,430.72,expense,She join house.
2022-06-25,Salary,549.48,expense,Choose detail section someone.
2022-06-26,Travel,1799.63,expense,Whether century quality.
2022-06-26,Food & Drink,366.92,expense,Network never.
2022-06-30,Food & Drink,1923.32,expense,Above others.
2022-07-01,Shopping,1858.46,expense,Water fight security tough gas.
2022-07-02,Entertainment,1137.72,expense,Central contain pattern education boy.
2022-07-04,Health & Fitness,773.85,expense,Surface usually.
2022-07-04,Rent,1006.58,expense,Popular available public economy.
2022-07-04,Food & Drink,204.39,expense,Maintain former campaign pretty beyond.
2022-07-05,Rent,687.78,expense,Fish late pattern.
2022-07-06,Shopping,1938.15,expense,Charge note space when collection.
2022-07-13,Travel,1569.26,expense,Size republican political.
2022-07-17,Entertainment,718.06,expense,Care run there leg.
2022-07-17,Shopping,379.62,expense,Main board population.
2022-07-17,Shopping,180.53,expense,Teach cause mrs.
2022-07-18,Entertainment,1429.09,expense,Baby away affect medical all.
2022-07-18,Investment,3612.0,income,If operation trade necessary myself.
2022-07-19,Utilities,1481.91,expense,President chance hotel through.
2022-07-20,Rent,192.13,expense,Let member however.
2022-07-22,Salary,726.24,expense,Production summer.
2022-07-25,Utilities,183.72,expense,Cell city not not the.
2022-07-27,Shopping,215.55,expense,Voice american seven discussion.
2022-07-27,Investment,3157.0,income,Doctor protect military social.
2022-07-27,Food & Drink,590.78,expense,Truth thing always possible.
2022-07-27,Rent,1452.44,expense,Plant event score official now.
2022-07-28,Entertainment,1148.2,expense,Half president structure might.
2022-07-28,Other,1888.0,income,Might good test.
2022-07-29,Other,2698.0,income,Thought according think key.
2022-07-30,Rent,342.74,expense,Method exactly.
2022-07-31,Travel,973.62,expense,Church own stage.
2022-08-02,Other,2520.0,income,Specific result loss long.
2022-08-02,Salary,1191.67,expense,Claim street against amount of.
2022-08-03,Investment,1609.0,income,Picture always occur.
2022-08-04,Shopping,671.11,expense,Election conference when.
2022-08-06,Health & Fitness,886.04,expense,These road.
2022-08-07,Utilities,607.87,expense,Describe paper.
2022-08-12,Entertainment,963.23,expense,Color store over some.
2022-08-13,Other,3114.0,income,Process enough right garden law.
2022-08-15,Salary,1935.85,expense,Her car admit.
2022-08-15,Health & Fitness,758.35,expense,Range step painting concern.
2022-08-16,Shopping,736.38,expense,Me brother lot candidate owner.
2022-08-16,Entertainment,1188.53,expense,Miss have analysis morning.
2022-08-17,Food & Drink,1906.48,expense,Smile high open scientist.
2022-08-18,Entertainment,882.53,expense,International effort.
2022-08-19,Rent,1639.74,expense,Exist theory.
2022-08-21,Shopping,1349.23,expense,Country remember smile.
2022-08-21,Other,2482.0,income,Brother according pressure reach firm.
2022-08-22,Utilities,1433.32,expense,Choice prepare.
2022-08-22,Rent,903.64,expense,Talk interest hand.
2022-08-23,Shopping,1073.39,expense,Sense including six lot.
2022-08-24,Shopping,1091.85,expense,Never effect fill general relationship.
2022-08-26,Health & Fitness,1406.25,expense,Security land record.
2022-08-26,Rent,227.65,expense,Democrat hundred.
2022-08-28,Health & Fitness,341.01,expense,Pass range appear home player.
2022-08-29,Shopping,1933.95,expense,Likely outside because.
2022-08-30,Shopping,220.83,expense,He participant right.
2022-08-31,Investment,4683.0,income,Prevent expert white arm similar.
2022-08-31,Entertainment,897.1,expense,Keep cut prevent sound.
2022-09-01,Utilities,696.49,expense,Almost outside middle.
2022-09-02,Investment,2920.0,income,College already dream a church.
2022-09-03,Rent,240.98,expense,Good house only military.
2022-09-03,Utilities,703.17,expense,Near risk.
2022-09-03,Entertainment,1047.02,expense,Give white everybody paper create.
2022-09-04,Rent,881.95,expense,Above company media next me.
2022-09-04,Health & Fitness,143.68,expense,Sort what.
2022-09-05,Investment,685.0,income,Economic kind help low during.
2022-09-06,Rent,1357.51,expense,Race to television loss.
2022-09-07,Investment,4727.0,income,Him small.
2022-09-08,Investment,3211.0,income,Son include good.
2022-09-10,Salary,471.39,expense,Red enjoy.
2022-09-11,Utilities,380.91,expense,Human see.
2022-09-11,Shopping,68.09,expense,Never condition.
2022-09-12,Entertainment,904.65,expense,Despite off consumer second.
2022-09-14,Food & Drink,1412.42,expense,Say dog drug enter.
2022-09-15,Rent,1158.92,expense,Strong student green.
2022-09-15,Utilities,737.93,expense,Turn put professional.
2022-09-17,Investment,2649.0,income,When summer he firm together.
2022-09-18,Salary,1060.15,expense,Make worker trouble.
2022-09-19,Shopping,1226.5,expense,Develop office approach son.
2022-09-19,Health & Fitness,710.45,expense,Allow girl team simply lead.
2022-09-21,Utilities,1629.34,expense,Least ready activity decision ok.
2022-09-23,Travel,1838.18,expense,Party employee nature down.
2022-09-26,Utilities,633.24,expense,Gas contain interest industry sell.
2022-09-26,Rent,374.26,expense,Evidence conference capital office.
2022-09-28,Shopping,842.3,expense,Result sound.
2022-09-29,Other,3965.0,income,Task cultural son school.
2022-09-29,Investment,1866.0,income,Computer matter.
2022-09-30,Utilities,382.33,expense,Result size feel no nothing.
2022-10-01,Food & Drink,1732.39,expense,Real art.
2022-10-02,Salary,281.7,expense,Stuff benefit seat employee.
2022-10-03,Salary,824.18,expense,Newspaper special general in go.
2022-10-04,Salary,982.51,expense,Office power company sister great.
2022-10-04,Investment,2306.0,income,Simple land bad party.
2022-10-05,Travel,457.44,expense,What than political up instead.
2022-10-08,Salary,1135.64,expense,Support author class direction.
2022-10-10,Salary,1103.96,expense,Report painting house.
2022-10-12,Investment,2694.0,income,Security minute late cold.
2022-10-12,Health & Fitness,1088.67,expense,Road product wait.
2022-10-13,Salary,1097.24,expense,Cold billion as.
2022-10-19,Rent,1474.62,expense,Approach side model you billion.
2022-10-19,Entertainment,602.44,expense,Pressure those.
2022-10-20,Salary,533.0,expense,Easy exist phone.
2022-10-21,Rent,883.75,expense,Stuff agreement professional team foot.
2022-10-22,Entertainment,427.66,expense,Window music evening know.
2022-10-23,Health & Fitness,1723.49,expense,Opportunity lead see.
2022-10-25,Shopping,340.3,expense,Model police finally girl.
2022-10-28,Investment,2195.0,income,Source kind hand.
2022-10-30,Health & Fitness,1069.24,expense,Field a spring.
2022-10-31,Utilities,654.07,expense,Expert movement reach man.
2022-11-03,Travel,1149.74,expense,Across involve fall.
2022-11-04,Rent,279.82,expense,Nature country.
2022-11-05,Shopping,1838.35,expense,House clear say hope.
2022-11-07,Utilities,1405.84,expense,Enjoy instead dream.
2022-11-07,Investment,3138.0,income,Possible mother especially.
2022-11-09,Shopping,984.02,expense,Consumer face.
2022-11-10,Travel,1259.35,expense,Laugh red man fly charge.
2022-11-13,Rent,1270.92,expense,Control bill.
2022-11-14,Rent,811.67,expense,Resource road do.
2022-11-14,Health & Fitness,914.84,expense,Management game.
2022-11-15,Food & Drink,1739.13,expense,Your less social form.
2022-11-17,Rent,1464.55,expense,Entire hotel.
2022-11-17,Health & Fitness,1701.71,expense,Consider time economic high.
2022-11-18,Shopping,443.48,expense,Window research his.
2022-11-19,Entertainment,994.48,expense,Scene almost leave.
2022-11-21,Travel,682.13,expense,Program decade home which view.
2022-11-22,Salary,1578.72,expense,Rock seat near business loss.
2022-11-26,Food & Drink,101.43,expense,Growth appear project.
2022-11-26,Salary,42.4,expense,Plan foot cold.
2022-11-28,Utilities,888.16,expense,Build smile across among situation.
2022-11-28,Other,2157.0,income,Choice side eat matter rather.
2022-12-01,Utilities,1765.47,expense,Art green child movie blue.
2022-12-03,Travel,195.75,expense,First next popular.
2022-12-04,Rent,749.97,expense,Run again help right.
2022-12-05,Utilities,113.06,expense,Magazine join.
2022-12-05,Entertainment,864.17,expense,Recent couple cost girl run.
2022-12-07,Investment,508.0,income,Trial never attention choice fast.
2022-12-12,Rent,274.07,expense,Happen a point here control.
2022-12-13,Salary,28.48,expense,Task simply draw return probably.
2022-12-15,Rent,1976.43,expense,Couple raise she child.
2022-12-16,Utilities,960.62,expense,Important focus benefit probably.
2022-12-18,Rent,1464.22,expense,Condition all blood.
2022-12-22,Other,3511.0,income,All politics.
2022-12-28,Utilities,771.61,expense,Moment red eight hand.
2022-12-30,Utilities,1286.74,expense,Us decade.
2022-12-31,Rent,1065.71,expense,Life police.
2023-01-03,Investment,4105.0,income,Sea three state some around.
2023-01-04,Entertainment,1259.88,expense,American audience fight war whether.
2023-01-04,Other,4124.0,income,Rise mother.
2023-01-06,Rent,1794.22,expense,Moment eat personal.
2023-01-09,Investment,3645.0,income,See indeed black police group.
2023-01-10,Shopping,635.86,expense,Third coach congress husband.
2023-01-11,Other,1190.0,income,Move outside value.
2023-01-13,Travel,1560.15,expense,Yard foot he share issue.
2023-01-15,Travel,418.84,expense,Drive nation heart nearly season.
2023-01-16,Entertainment,1498.21,expense,Language however risk work.
2023-01-17,Food & Drink,1569.77,expense,Career three according worker democrat.
2023-01-18,Entertainment,994.83,expense,Sign wall.
2023-01-19,Other,1081.0,income,Memory number occur behind leave.
2023-01-19,Food & Drink,1973.9,expense,Enter threat economic.
2023-01-19,Utilities,779.81,expense,Begin hundred truth.
2023-01-19,Shopping,737.17,expense,Society common stay ready.
2023-01-19,Salary,1909.36,expense,Organization feel.
2023-01-20,Food & Drink,1178.85,expense,Bad argue side girl.
2023-01-21,Investment,826.0,income,Us building side section.
2023-01-21,Shopping,1018.16,expense,Him fight american music change.
2023-01-22,Shopping,852.91,expense,Check purpose young.
2023-01-23,Utilities,562.16,expense,Offer bed it skill challenge.
2023-01-23,Entertainment,1948.88,expense,Live seat.
2023-01-23,Other,3700.0,income,Energy huge its recently.
2023-01-24,Rent,627.24,expense,Nice maintain present cultural.
2023-01-24,Entertainment,125.23,expense,Drug entire involve.
2023-01-24,Other,1450.0,income,Both including.
2023-01-24,Food & Drink,625.49,expense,Couple general pretty show.
2023-01-24,Utilities,247.69,expense,Pattern wrong kind certainly.
2023-01-24,Food & Drink,336.03,expense,Current health serious.
2023-01-25,Travel,342.26,expense,Science drug.
2023-01-26,Other,1467.0,income,Add really born.
2023-01-27,Food & Drink,676.67,expense,Age decade mrs data.
2023-01-27,Rent,533.27,expense,Nature performance yeah.
2023-01-28,Rent,997.33,expense,On professional analysis color.
2023-01-29,Food & Drink,1004.22,expense,Smile peace apply.
2023-01-29,Health & Fitness,323.05,expense,Home even.
2023-01-30,Rent,464.52,expense,Affect test.
2023-01-31,Food & Drink,1718.79,expense,Woman meet report.
2023-01-31,Investment,4364.0,income,Term mother cost may.
2023-02-01,Utilities,366.13,expense,Unit again easy morning four.
2023-02-02,Food & Drink,1110.2,expense,Adult range green.
2023-02-03,Shopping,456.79,expense,You without every.
2023-02-06,Health & Fitness,549.8,expense,Election hit yourself wrong want.
2023-02-07,Other,1478.0,income,Charge today prevent.
2023-02-07,Food & Drink,366.9,expense,Minute question their rather.
2023-02-08,Food & Drink,1908.62,expense,Of interview fine.
2023-02-08,Other,2812.0,income,My deal catch must.
2023-02-09,Travel,661.33,expense,Finally relate model.
2023-02-12,Food & Drink,744.15,expense,Yet wish certain usually.
2023-02-13,Travel,1481.76,expense,Attack mouth rest contain.
2023-02-15,Health & Fitness,1187.46,expense,She they.
2023-02-16,Entertainment,1467.6,expense,Field seat start pm.
2023-02-18,Entertainment,309.63,expense,Single blood continue.
2023-02-20,Food & Drink,473.67,expense,Note discuss discussion reach grow.
2023-02-20,Food & Drink,1902.47,expense,Maybe painting republican.
2023-02-22,Other,3019.0,income,System man case.
2023-02-22,Investment,3939.0,income,Allow share address.
2023-02-24,Food & Drink,1945.39,expense,Development provide dark daughter.
2023-02-26,Other,1262.0,income,Term majority foot leader.
2023-02-26,Investment,4757.0,income,If among save herself.
2023-02-26,Health & Fitness,922.33,expense,Particularly score order modern.
2023-02-28,Rent,1015.8,expense,Body lead there there early.
2023-03-03,Shopping,158.91,expense,Worker always hold share.
2023-03-03,Shopping,1328.26,expense,Fact huge fight.
2023-03-05,Other,2638.0,income,Coach family try ready.
2023-03-05,Shopping,1404.44,expense,Stop later reveal both.
2023-03-05,Health & Fitness,910.99,expense,Career including late condition opportunity.
2023-03-07,Entertainment,280.86,expense,Bed food possible represent.
2023-03-08,Rent,319.27,expense,Before relationship plant.
2023-03-08,Other,3072.0,income,Religious risk window partner civil.
2023-03-08,Health & Fitness,1929.62,expense,Analysis color friend the.
2023-03-08,Travel,932.06,expense,Than condition republican.
2023-03-10,Rent,323.65,expense,Finally shoulder land.
2023-03-10,Food & Drink,437.89,expense,Together whether about.
2023-03-12,Utilities,191.51,expense,Learn talk.
2023-03-13,Health & Fitness,798.53,expense,Part management.
2023-03-13,Other,2631.0,income,Process law kind over according.
2023-03-13,Utilities,71.85,expense,People newspaper stay.
2023-03-15,Salary,1116.35,expense,Challenge president already.
2023-03-15,Rent,929.47,expense,Study fear turn any indicate.
2023-03-16,Utilities,251.69,expense,Public particularly reality.
2023-03-16,Investment,1570.0,income,Concern lay often use behavior.
2023-03-18,Other,3549.0,income,Happy her attack interview.
2023-03-18,Rent,1168.82,expense,Fall care.
2023-03-21,Rent,53.38,expense,Money modern receive partner.
2023-03-22,Other,1555.0,income,Role pick would low read.
2023-03-23,Other,1503.0,income,Participant first moment yet.
2023-03-23,Other,914.0,income,Pass market role.
2023-03-23,Other,3735.0,income,Space this discussion fact.
2023-03-24,Shopping,1369.59,expense,Brother let.
2023-03-27,Investment,2033.0,income,Son yourself increase.
2023-03-29,Salary,1768.01,expense,Night point action cut.
2023-03-30,Investment,2917.0,income,So film media.
2023-03-31,Salary,131.35,expense,Box four.
2023-03-31,Utilities,844.28,expense,Pattern ahead compare form full.
2023-04-01,Entertainment,1265.2,expense,Something population loss physical.
2023-04-01,Food & Drink,1978.91,expense,Leg sport until argue.
2023-04-04,Health & Fitness,964.57,expense,North question new.
2023-04-07,Health & Fitness,1826.23,expense,Officer forward trouble.
2023-04-08,Shopping,548.17,expense,Wide exactly.
2023-04-09,Investment,740.0,income,Worker phone success number.
2023-04-10,Travel,126.6,expense,Organization ten seem.
2023-04-10,Health & Fitness,1536.02,expense,Even beautiful.
2023-04-13,Utilities,209.27,expense,Later week democratic few.
2023-04-15,Travel,1072.04,expense,Size sing tree kitchen.
2023-04-16,Food & Drink,1530.46,expense,Toward child future low.
2023-04-20,Shopping,716.06,expense,Simply century the.
2023-04-20,Utilities,360.44,expense,Day already hold.
2023-04-21,Health & Fitness,1828.82,expense,About usually.
2023-04-22,Other,1664.0,income,Level animal minute probably.
2023-04-22,Entertainment,1675.03,expense,Officer fine.
2023-04-23,Salary,1088.83,expense,Customer expert mother significant.
2023-04-24,Investment,1239.0,income,Chance event address.
2023-04-25,Investment,663.0,income,Bill my near even wall.
2023-05-02,Food & Drink,670.15,expense,Each author party full kitchen.
2023-05-02,Utilities,688.11,expense,Likely push.
2023-05-03,Other,987.0,income,Approach interview condition other.
2023-05-05,Investment,1408.0,income,Green forward cup serve speak.
2023-05-05,Health & Fitness,1921.51,expense,Nothing behavior sort recognize.
2023-05-05,Shopping,1176.17,expense,Financial popular short like.
2023-05-07,Health & Fitness,281.54,expense,Technology pay tree.
2023-05-12,Other,4491.0,income,Record professor small.
2023-05-14,Utilities,1417.29,expense,Maintain assume both long.
2023-05-14,Health & Fitness,454.24,expense,Should page camera.
2023-05-14,Utilities,762.98,expense,Stage someone for power.
2023-05-15,Travel,263.42,expense,Leave opportunity draw during city.
2023-05-15,Shopping,1703.01,expense,At decade really issue.
2023-05-16,Food & Drink,372.34,expense,Skin name door production back.
2023-05-17,Entertainment,1282.9,expense,Boy other foot best.
2023-05-18,Other,1652.0,income,Final image our.
2023-05-19,Rent,483.61,expense,Management produce bed stage.
2023-05-20,Utilities,1276.01,expense,Serious produce.
2023-05-20,Health & Fitness,898.79,expense,Factor past language day theory.
2023-05-20,Entertainment,1389.42,expense,Some quickly truth view response.
2023-05-22,Rent,1443.62,expense,Old particularly.
2023-05-22,Other,3937.0,income,Summer system artist too.
2023-05-22,Shopping,991.23,expense,Reflect star.
2023-05-25,Shopping,211.84,expense,Technology tend.
2023-05-28,Entertainment,333.69,expense,Reduce hour fish him.
2023-05-29,Investment,2915.0,income,Nation production little could.
2023-05-29,Other,1357.0,income,Style child young prove.
2023-05-30,Investment,3575.0,income,Author administration.
2023-06-02,Investment,4981.0,income,Window career case south.
2023-06-03,Rent,682.52,expense,Us perhaps lawyer interest star.
2023-06-04,Salary,1411.96,expense,Difficult interesting account marriage.
2023-06-05,Utilities,1218.56,expense,Especially unit office almost.
2023-06-08,Food & Drink,211.5,expense,Low happy oil which bag.
2023-06-08,Entertainment,824.47,expense,Let back three.
2023-06-09,Travel,1324.59,expense,Line score whether.
2023-06-09,Rent,108.77,expense,Something fine apply gas sing.
2023-06-10,Salary,315.64,expense,Mention light safe inside.
2023-06-10,Shopping,184.38,expense,Cold reason our.
2023-06-13,Salary,407.35,expense,Employee picture official of prevent.
2023-06-15,Investment,2890.0,income,Agree machine camera baby six.
2023-06-16,Salary,1689.1,expense,Past every either.
2023-06-16,Shopping,947.18,expense,Company option character land space.
2023-06-17,Travel,191.36,expense,Machine son television.
2023-06-17,Utilities,748.33,expense,Whose other.
2023-06-19,Utilities,897.09,expense,Sell include himself produce.
2023-06-21,Salary,534.17,expense,Official success approach.
2023-06-22,Food & Drink,310.75,expense,Apply less.
2023-06-22,Rent,180.56,expense,Live way two.
2023-06-23,Shopping,1941.7,expense,Raise hope enjoy most.
2023-06-25,Food & Drink,1683.19,expense,Eye something.
2023-06-25,Shopping,1931.6,expense,Which raise american truth.
2023-06-25,Salary,1149.7,expense,Particular present evening establish.
2023-06-26,Travel,167.12,expense,Pressure hospital significant.
2023-06-30,Food & Drink,1009.18,expense,Side mind question year finish.
2023-07-01,Utilities,249.36,expense,Story activity.
2023-07-02,Utilities,1898.63,expense,Billion land detail exist cover.
2023-07-05,Investment,2078.0,income,Begin voice prevent structure wear.
2023-07-05,Other,1141.0,income,Beat painting heavy.
2023-07-06,Shopping,411.82,expense,To receive education.
2023-07-07,Utilities,1669.88,expense,Police two.
2023-07-07,Rent,183.18,expense,Realize property show either.
2023-07-10,Health & Fitness,1714.68,expense,Since him four.
2023-07-10,Food & Drink,1575.24,expense,Western enough key.
2023-07-10,Shopping,233.91,expense,Particular condition man.
2023-07-10,Investment,1365.0,income,Shoulder despite poor tree resource.
2023-07-11,Rent,1573.63,expense,Authority number.
2023-07-13,Health & Fitness,1757.01,expense,Affect marriage present a.
2023-07-15,Salary,1148.33,expense,Entire record toward off.
2023-07-15,Utilities,558.07,expense,Long identify road speech.
2023-07-15,Other,817.0,income,Difficult his ready sister building.
2023-07-15,Health & Fitness,1384.12,expense,Four field area young.
2023-07-15,Other,2700.0,income,Movement which ball least.
2023-07-16,Food & Drink,682.35,expense,Computer always his.
2023-07-17,Travel,567.89,expense,Receive to piece.
2023-07-18,Rent,1945.27,expense,Be plan same cause.
2023-07-19,Travel,1948.7,expense,Rest or.
2023-07-19,Health & Fitness,546.15,expense,As music film move.
2023-07-20,Rent,383.99,expense,Already argue.
2023-07-21,Shopping,1484.48,expense,Brother southern project learn.
2023-07-23,Health & Fitness,1643.82,expense,Scientist do author.
2023-07-25,Utilities,140.58,expense,President likely truth animal.
2023-07-26,Shopping,279.94,expense,Common anyone.
2023-07-27,Food & Drink,355.74,expense,Lay color.
2023-07-27,Entertainment,1675.58,expense,Box organization.
2023-07-30,Salary,110.61,expense,Source international.
2023-08-01,Entertainment,555.22,expense,Building range national focus.
2023-08-04,Shopping,1274.47,expense,Or friend.
2023-08-05,Investment,2481.0,income,Center indeed recent.
2023-08-07,Salary,363.39,expense,Just understand american.
2023-08-07,Health & Fitness,695.06,expense,Partner sing administration main according.
2023-08-09,Travel,1500.43,expense,Religious order.
2023-08-09,Travel,64.63,expense,Really society live camera.
2023-08-10,Investment,2313.0,income,Mission include visit.
2023-08-10,Entertainment,545.48,expense,Conference matter wear physical site.
2023-08-11,Food & Drink,1730.61,expense,Above dog brother morning.
2023-08-16,Food & Drink,953.45,expense,Gun seven music despite show.
2023-08-17,Investment,569.0,income,Apply both chance.
2023-08-17,Travel,1428.35,expense,Computer prove amount population.
2023-08-21,Travel,853.38,expense,Itself free source.
2023-08-22,Health & Fitness,923.41,expense,Bit appear.
2023-08-23,Travel,1357.62,expense,Citizen ahead method.
2023-08-25,Shopping,1173.13,expense,Return or for.
2023-08-27,Other,2815.0,income,Discover body direction down.
2023-08-30,Rent,968.66,expense,Heart determine likely.
2023-08-30,Travel,1284.78,expense,Three certain.
2023-08-30,Travel,1315.68,expense,Hold carry rest.
2023-08-30,Travel,384.84,expense,Dark camera realize.
2023-09-01,Entertainment,1800.38,expense,Carry surface learn.
2023-09-01,Shopping,1324.46,expense,Detail far church some.
2023-09-03,Food & Drink,1314.25,expense,Wife talk beat tax majority.
2023-09-04,Travel,1814.75,expense,List leg address into their.
2023-09-04,Food & Drink,1170.22,expense,Its develop until watch.
2023-09-04,Entertainment,692.9,expense,Individual analysis.
2023-09-07,Salary,1813.99,expense,Almost most look something.
2023-09-10,Travel,1692.38,expense,Manager bar send really.
2023-09-11,Utilities,594.63,expense,Car fast positive.
2023-09-11,Travel,1453.12,expense,Look fight.
2023-09-12,Utilities,1894.38,expense,Section agency lawyer sign them.
2023-09-12,Rent,452.28,expense,Smile have less.
2023-09-13,Travel,846.74,expense,Audience throw four allow international.
2023-09-14,Health & Fitness,528.51,expense,My some skin ball thing.
2023-09-14,Rent,946.37,expense,War push thousand book half.
2023-09-14,Rent,949.72,expense,Hand possible relate night.
2023-09-15,Investment,3626.0,income,Wonder draw box.
2023-09-15,Shopping,117.58,expense,That reflect send set fly.
2023-09-16,Utilities,1984.77,expense,Quite everyone as generation.
2023-09-16,Salary,295.02,expense,Money but report question.
2023-09-21,Utilities,1560.09,expense,Later happy pull.
2023-09-21,Utilities,633.69,expense,Throughout leader bag.
2023-09-23,Other,2740.0,income,When baby clearly.
2023-09-24,Utilities,1156.8,expense,Many themselves minute.
2023-09-28,Investment,1560.0,income,Indicate radio use.
2023-09-29,Shopping,812.75,expense,Information scene again country.
2023-10-03,Shopping,19.29,expense,Strong mind from.
2023-10-04,Health & Fitness,1900.64,expense,Pretty skin main program.
2023-10-04,Entertainment,45.65,expense,Knowledge fight car smile commercial.
2023-10-05,Investment,2353.0,income,Machine wife show.
2023-10-06,Health & Fitness,631.06,expense,Good lay coach.
2023-10-08,Other,1868.0,income,Expect win stuff realize project.
2023-10-08,Investment,2942.0,income,Draw american first.
2023-10-08,Salary,1458.39,expense,Employee continue none alone.
2023-10-09,Health & Fitness,872.99,expense,Challenge large wish move.
2023-10-09,Utilities,692.04,expense,Identify material.
2023-10-11,Health & Fitness,1502.73,expense,Until choose wife national.
2023-10-13,Other,656.0,income,Positive far time wide.
2023-10-14,Utilities,430.27,expense,Son rock two.
2023-10-14,Investment,1508.0,income,Rule too.
2023-10-15,Food & Drink,756.63,expense,Bring agent pay detail group.
2023-10-15,Food & Drink,1191.91,expense,Part crime.
2023-10-16,Investment,661.0,income,Sit short cultural.
2023-10-17,Investment,3914.0,income,Support quality whatever wish hour.
2023-10-17,Rent,1099.09,expense,Owner memory argue project.
2023-10-27,Utilities,418.93,expense,Respond into history.
2023-10-27,Food & Drink,609.22,expense,General final knowledge.
2023-10-29,Travel,1249.37,expense,Democratic thousand.
2023-10-30,Shopping,1663.0,expense,Eye south wife interest.
2023-10-30,Investment,2815.0,income,Structure our century.
2023-11-04,Investment,4577.0,income,Write moment friend value.
2023-11-05,Investment,2654.0,income,According police.
2023-11-08,Entertainment,722.26,expense,Company left nothing trip.
2023-11-08,Utilities,88.42,expense,Strategy face make.
2023-11-08,Entertainment,1379.53,expense,Fight nice less agree able.
2023-11-09,Entertainment,15.45,expense,What strong line.
2023-11-09,Rent,1672.11,expense,Conference trade population agreement.
2023-11-11,Utilities,1899.4,expense,Yes at seat ok.
2023-11-11,Rent,1449.89,expense,Than physical live reason.
2023-11-13,Other,2393.0,income,Mention offer suddenly clear.
2023-11-14,Travel,535.61,expense,Floor there career.
2023-11-14,Investment,823.0,income,Evening information.
2023-11-15,Health & Fitness,1605.18,expense,Face morning.
2023-11-17,Rent,199.05,expense,Create physical share out cold.
2023-11-18,Food & Drink,29.25,expense,Step rate feeling rate.
2023-11-21,Investment,3192.0,income,Move goal.
2023-11-21,Salary,1910.63,expense,Carry example.
2023-11-22,Rent,751.52,expense,Future treat bill choice.
2023-11-23,Rent,807.55,expense,Somebody next ready.
2023-11-23,Travel,1673.06,expense,Republican reduce sort individual trouble.
2023-11-26,Salary,1601.8,expense,Type look find.
2023-11-26,Utilities,234.98,expense,Stage threat our.
2023-11-26,Food & Drink,1963.32,expense,Report agreement sport.
2023-11-26,Rent,837.9,expense,Task central dinner.
2023-11-27,Salary,370.71,expense,Candidate bad real.
2023-11-27,Health & Fitness,1226.6,expense,Affect machine.
2023-11-28,Utilities,971.33,expense,Cultural allow.
2023-11-28,Shopping,886.97,expense,Arrive budget education at property.
2023-11-29,Other,601.0,income,Turn day top.
2023-12-05,Entertainment,1956.01,expense,Ahead certainly second everyone.
2023-12-05,Health & Fitness,1043.01,expense,Goal talk sit party.
2023-12-06,Rent,871.37,expense,Attention standard shake more respond.
2023-12-08,Salary,698.04,expense,Top mr wind.
2023-12-09,Shopping,305.82,expense,Turn surface listen.
2023-12-09,Food & Drink,33.17,expense,Pull blue strong wonder.
2023-12-10,Salary,1705.22,expense,Method imagine seven.
2023-12-11,Rent,1505.35,expense,Letter mind many.
2023-12-13,Health & Fitness,1940.59,expense,News american foreign.
2023-12-14,Investment,3601.0,income,Exist outside find wish.
2023-12-14,Entertainment,166.87,expense,Network fact talk.
2023-12-18,Salary,185.16,expense,Thus sort.
2023-12-20,Health & Fitness,246.23,expense,Actually purpose public.
2023-12-21,Food & Drink,214.26,expense,Mission put budget house.
2023-12-22,Food & Drink,1653.56,expense,Ask window full.
2023-12-23,Travel,1781.32,expense,Do interesting material.
2023-12-25,Salary,1901.21,expense,Event smile popular hundred live.
2023-12-26,Food & Drink,1635.01,expense,Memory challenge lawyer business.
2023-12-27,Health & Fitness,1124.7,expense,Discuss wall ahead scene.
2023-12-29,Salary,1436.15,expense,Question will him quickly.
2023-12-29,Salary,236.91,expense,Perform benefit baby.
2023-12-29,Entertainment,14.37,expense,Society dark product make.
2024-01-02,Travel,1099.9,expense,Gas teacher national weight all.
2024-01-02,Rent,101.1,expense,Himself fire heavy.
2024-01-04,Investment,3852.0,income,Allow news.
2024-01-04,Investment,2036.0,income,Man care resource.
2024-01-07,Other,2266.0,income,Notice make.
2024-01-09,Entertainment,1436.41,expense,Occur live take media hot.
2024-01-09,Other,880.0,income,Wife pay good within fly.
2024-01-10,Rent,1546.57,expense,And student give score agree.
2024-01-11,Utilities,1928.07,expense,Best generation group goal.
2024-01-11,Investment,4045.0,income,Doctor fine be.
2024-01-11,Salary,1849.5,expense,Boy college mrs.
2024-01-12,Utilities,1386.72,expense,Price institution method inside.
2024-01-13,Investment,1348.0,income,Onto worry help hope.
2024-01-14,Health & Fitness,1013.18,expense,Space beyond.
2024-01-15,Entertainment,554.46,expense,Market specific property coach.
2024-01-16,Travel,911.16,expense,Wide cut player wind.
2024-01-16,Other,4696.0,income,Degree enter father of source.
2024-01-16,Health & Fitness,1426.63,expense,Behind front attack song little.
2024-01-17,Entertainment,409.77,expense,Somebody prepare few sound.
2024-01-19,Travel,1376.36,expense,Finish increase economy middle public.
2024-01-19,Utilities,1962.86,expense,Thing physical might.
2024-01-19,Utilities,1012.75,expense,Material produce station visit environmental.
2024-01-19,Health & Fitness,1423.6,expense,Table trade various risk art.
2024-01-20,Salary,1169.78,expense,Leg drive second she.
2024-01-22,Shopping,1351.74,expense,Five store ask data.
2024-01-23,Travel,1756.18,expense,Statement position either.
2024-01-24,Food & Drink,1050.23,expense,Draw change agree someone.
2024-01-25,Investment,934.0,income,Magazine yard instead town.
2024-01-26,Entertainment,541.29,expense,Evening ahead smile.
2024-01-26,Travel,1369.95,expense,Compare system white magazine after.
2024-01-26,Investment,2917.0,income,Own test too imagine.
2024-01-27,Food & Drink,723.78,expense,However style.
2024-01-28,Entertainment,1487.4,expense,Born same usually.
2024-01-30,Entertainment,1026.74,expense,Wear use edge this draw.
2024-02-01,Travel,1388.94,expense,Forget once hope security.
2024-02-06,Other,3674.0,income,Design blood degree ever.
2024-02-07,Health & Fitness,1932.01,expense,Television argue mouth.
2024-02-07,Other,2163.0,income,Nation little east everyone.
2024-02-10,Salary,1661.67,expense,Little happy final population.
2024-02-10,Health & Fitness,1512.66,expense,Real small.
2024-02-10,Entertainment,1554.53,expense,Need finally when.
2024-02-14,Travel,903.14,expense,Movement door kind.
2024-02-14,Rent,382.08,expense,Until truth feeling view.
2024-02-15,Investment,3590.0,income,Decision three trouble.
2024-02-16,Other,2664.0,income,Smile ever bag single.
2024-02-17,Other,546.0,income,Say unit four institution.
2024-02-19,Utilities,89.48,expense,Recognize media goal.
2024-02-21,Food & Drink,1549.59,expense,Law agree appear political.
2024-02-21,Travel,986.2,expense,Able customer figure.
2024-02-21,Health & Fitness,155.03,expense,Book economic.
2024-02-22,Entertainment,1914.41,expense,Rate society floor long same.
2024-02-23,Utilities,837.7,expense,Reach step son.
2024-02-23,Rent,705.31,expense,Increase consider.
2024-02-24,Health & Fitness,668.82,expense,Difference way type positive phone.
2024-02-24,Salary,1993.3,expense,Cup red collection husband.
2024-02-25,Food & Drink,238.3,expense,Employee become happy water bring.
2024-02-27,Entertainment,1809.95,expense,Significant up still management.
2024-02-27,Entertainment,1918.2,expense,Course technology site.
2024-02-27,Health & Fitness,768.93,expense,High issue deal democratic.
2024-02-28,Rent,777.89,expense,Industry impact certainly.
2024-02-29,Travel,59.16,expense,Dog late eat.
2024-03-02,Health & Fitness,1033.48,expense,Beat light the window.
2024-03-03,Salary,97.26,expense,Require remain save.
2024-03-05,Entertainment,647.42,expense,Believe arrive.
2024-03-05,Investment,1871.0,income,Likely great paper.
2024-03-06,Food & Drink,1257.6,expense,Effect people.
2024-03-06,Entertainment,1731.25,expense,Provide car throughout american.
2024-03-06,Rent,419.1,expense,College manage fund.
2024-03-07,Shopping,1296.66,expense,Bed report item.
2024-03-07,Utilities,57.27,expense,Finish without.
2024-03-08,Food & Drink,184.17,expense,Security unit executive.
2024-03-11,Other,1077.0,income,Stop unit might job close.
2024-03-13,Entertainment,1822.86,expense,New type pm.
2024-03-15,Salary,1264.13,expense,Country approach.
2024-03-16,Food & Drink,785.11,expense,Like clear.
2024-03-18,Investment,1018.0,income,Break time manager kid.
2024-03-26,Food & Drink,1404.76,expense,Leader both rest challenge.
2024-03-27,Investment,2874.0,income,Data exist.
2024-03-28,Travel,1217.07,expense,State none production defense your.
2024-03-29,Salary,769.01,expense,Short congress turn east marriage.
2024-03-30,Food & Drink,953.24,expense,Ago race quite hour.
2024-03-30,Utilities,1496.04,expense,Child ball store process.
2024-04-03,Travel,1920.67,expense,Western order accept wide prevent.
2024-04-04,Other,591.0,income,Water yourself trade someone.
2024-04-06,Utilities,255.24,expense,Tell soon executive.
2024-04-07,Other,4900.0,income,Natural own.
2024-04-08,Rent,616.34,expense,Effort drive side human.
2024-04-09,Health & Fitness,431.36,expense,Clear single expect.
2024-04-09,Utilities,330.3,expense,Fear song save.
2024-04-10,Travel,396.71,expense,Capital program story mention majority.
2024-04-10,Investment,4996.0,income,Environmental outside bed institution.
2024-04-11,Rent,588.4,expense,Control piece behavior message wind.
2024-04-13,Investment,2117.0,income,Us money positive.
2024-04-16,Salary,1903.56,expense,Life bad soon.
2024-04-17,Entertainment,209.09,expense,Worker range feel.
2024-04-17,Entertainment,642.39,expense,Into notice necessary true message.
2024-04-17,Travel,1389.98,expense,Including let result spend.
2024-04-18,Other,3091.0,income,One shoulder administration.
2024-04-20,Utilities,19.62,expense,Skill successful and.
2024-04-21,Entertainment,1427.28,expense,Finish right serious.
2024-04-22,Travel,1681.82,expense,Space game truth special decision.
2024-04-23,Other,4431.0,income,Else pull its adult house.
2024-04-25,Health & Fitness,1551.79,expense,Pretty least if.
2024-04-26,Rent,359.78,expense,Peace wind guess.
2024-04-26,Travel,1718.84,expense,Because career course.
2024-04-30,Investment,2656.0,income,Teacher decide possible.
2024-05-02,Rent,1457.58,expense,Success teach mrs beat.
2024-05-03,Food & Drink,1627.16,expense,Listen against coach.
2024-05-04,Entertainment,1813.54,expense,White likely teacher one.
2024-05-04,Salary,1311.28,expense,Notice street anything.
2024-05-05,Other,2329.0,income,Piece require.
2024-05-05,Travel,276.42,expense,Say other never fact.
2024-05-14,Rent,799.6,expense,Main opportunity particularly question.
2024-05-15,Entertainment,1697.48,expense,Research month instead.
2024-05-17,Utilities,1516.84,expense,As throughout individual list manager.
2024-05-20,Investment,1967.0,income,Recently again explain court.
2024-05-22,Utilities,1474.48,expense,Discussion detail training fund.
2024-05-23,Health & Fitness,90.44,expense,Third rich hospital.
2024-05-25,Entertainment,135.09,expense,Somebody son suddenly perform.
2024-05-26,Food & Drink,1340.49,expense,Project can.
2024-05-27,Health & Fitness,782.31,expense,Paper beyond indeed.
2024-05-27,Food & Drink,89.41,expense,Doctor news yourself.
2024-05-31,Rent,1410.44,expense,Ground city still.
2024-06-01,Travel,1671.4,expense,Southern front.
2024-06-02,Utilities,759.55,expense,Dinner no main year size.
2024-06-02,Rent,1038.16,expense,Environment character real middle prove.
2024-06-03,Entertainment,1037.58,expense,Sometimes while sense window.
2024-06-04,Health & Fitness,978.85,expense,Among black picture that treat.
2024-06-06,Food & Drink,1008.66,expense,Remain seven marriage.
2024-06-07,Investment,2384.0,income,Positive free case.
2024-06-09,Other,2232.0,income,Wide shoulder according strong.
2024-06-10,Investment,3467.0,income,Expert commercial entire resource.
2024-06-12,Rent,1325.61,expense,Picture early send morning.
2024-06-13,Health & Fitness,1443.31,expense,Soon including important.
2024-06-13,Salary,963.25,expense,Some gun ahead certainly act.
2024-06-14,Shopping,54.67,expense,Be fire.
2024-06-15,Investment,1603.0,income,Article service produce political.
2024-06-16,Food & Drink,1782.69,expense,Within woman.
2024-06-17,Investment,2615.0,income,Information though red.
2024-06-21,Shopping,1202.72,expense,Training account evidence month.
2024-06-21,Food & Drink,1758.23,expense,Land day name small.
2024-06-22,Travel,1895.04,expense,Thought sit identify culture.
2024-06-23,Salary,1735.93,expense,Already free.
2024-06-23,Other,1669.0,income,Yeah exist behavior necessary miss.
2024-06-23,Utilities,1250.19,expense,Agreement someone.
2024-06-23,Utilities,1451.13,expense,Strategy fight institution.
2024-06-23,Salary,1197.1,expense,Rule success.
2024-07-01,Other,3657.0,income,Medical buy series walk large.
2024-07-05,Investment,2157.0,income,Law work.
2024-07-06,Shopping,1654.76,expense,Research visit program suddenly doctor.
2024-07-07,Utilities,956.98,expense,Project spring of.
2024-07-07,Food & Drink,1756.73,expense,Mind easy foreign old.
2024-07-07,Rent,195.45,expense,Better republican stock bank.
2024-07-07,Food & Drink,1794.97,expense,Thousand live land hard.
2024-07-13,Shopping,1048.87,expense,Open million house enough.
2024-07-13,Food & Drink,1398.31,expense,You ready way rule.
2024-07-16,Salary,1581.22,expense,Certain camera represent.
2024-07-20,Rent,856.72,expense,Tell brother defense list second.
2024-07-21,Entertainment,1821.07,expense,Tv budget system book.
2024-07-22,Other,2611.0,income,Face mission brother figure hear.
2024-07-23,Investment,4780.0,income,Agreement central six instead.
2024-07-23,Investment,3572.0,income,Democratic standard major.
2024-07-25,Health & Fitness,823.6,expense,Give that individual of not.
2024-07-26,Other,2577.0,income,Little result paper seven.
2024-07-26,Shopping,1133.69,expense,Seven project chance road.
2024-07-26,Shopping,1512.39,expense,Professor important do house must.
2024-07-26,Salary,365.65,expense,Position tend religious.
2024-07-27,Salary,515.02,expense,Someone religious night buy nice.
2024-07-27,Health & Fitness,1550.65,expense,My serious whatever miss seek.
2024-07-27,Utilities,1711.45,expense,Build view.
2024-07-28,Entertainment,898.72,expense,Ever day.
2024-07-28,Utilities,209.55,expense,Be move fly open.
2024-07-29,Health & Fitness,1603.7,expense,Future congress.
2024-07-29,Food & Drink,329.87,expense,Fish either boy between collection.
2024-07-29,Food & Drink,1610.7,expense,Eight bed fill.
2024-07-30,Salary,1852.46,expense,Arrive which consider.
2024-07-30,Rent,533.55,expense,Hope floor include.
2024-08-01,Food & Drink,1451.74,expense,Heart still building.
2024-08-02,Shopping,1231.79,expense,Sell only manage.
2024-08-02,Food & Drink,1891.97,expense,We especially five network.
2024-08-03,Salary,883.55,expense,Ahead plant trial affect.
2024-08-03,Travel,397.55,expense,Push east never size fight.
2024-08-08,Entertainment,1234.23,expense,Base player data whose.
2024-08-09,Health & Fitness,486.12,expense,World site mr interest treatment.
2024-08-11,Investment,1211.0,income,A let.
2024-08-14,Shopping,712.72,expense,A value lot.
2024-08-14,Entertainment,1040.31,expense,Yourself successful defense subject.
2024-08-14,Rent,1839.16,expense,Claim move.
2024-08-15,Health & Fitness,701.48,expense,Bed recognize store.
2024-08-22,Entertainment,1216.66,expense,There decision measure.
2024-08-23,Other,538.0,income,Play woman remain event.
2024-08-25,Shopping,1017.41,expense,Decision where foreign trial.
2024-08-25,Travel,686.53,expense,Participant above.
2024-08-25,Other,4906.0,income,Including time reflect.
2024-08-27,Travel,1391.44,expense,Ball theory prepare much throughout.
2024-08-27,Salary,1542.23,expense,Good spend still.
2024-08-28,Salary,1366.37,expense,Concern should recent across.
2024-08-28,Food & Drink,969.12,expense,View know develop after.
2024-08-28,Shopping,1270.99,expense,Course staff personal space.
2024-08-30,Entertainment,1602.32,expense,Woman whose already.
2024-09-01,Health & Fitness,1037.84,expense,Decide cultural start how thank.
2024-09-02,Other,2533.0,income,Management necessary process not.
2024-09-05,Shopping,1350.66,expense,Assume campaign assume.
2024-09-05,Rent,1113.56,expense,Talk thing rock ever summer.
2024-09-05,Other,3396.0,income,Pass quite third ability interview.
2024-09-05,Travel,373.74,expense,Item yet ever quite.
2024-09-06,Entertainment,1003.01,expense,Guess service this different.
2024-09-07,Investment,2674.0,income,Mother first hot free.
2024-09-08,Entertainment,1671.53,expense,Wrong difficult.
2024-09-10,Health & Fitness,320.43,expense,True culture.
2024-09-13,Investment,4535.0,income,As personal agreement.
2024-09-15,Food & Drink,1697.54,expense,Or phone.
2024-09-16,Health & Fitness,989.76,expense,East list when.
2024-09-17,Travel,986.7,expense,Mind door authority outside.
2024-09-17,Travel,801.78,expense,Personal often.
2024-09-17,Utilities,117.75,expense,True help.
2024-09-18,Salary,1879.91,expense,Artist sort area.
2024-09-21,Other,3725.0,income,Big argue.
2024-09-22,Utilities,919.82,expense,Sure i pay.
2024-09-23,Other,3085.0,income,Ten skin perhaps.
2024-09-24,Food & Drink,1351.47,expense,Less into per big.
2024-09-25,Rent,657.62,expense,Military onto blue activity.
2024-09-26,Travel,382.43,expense,Smile cover of pm eight.
2024-09-26,Travel,947.98,expense,Right know during someone.
2024-09-27,Health & Fitness,375.99,expense,Find job where.
2024-09-27,Shopping,1404.42,expense,On must certainly.
2024-10-01,Shopping,566.46,expense,Owner fact wife.
2024-10-01,Investment,2372.0,income,Price certain down standard nice.
2024-10-02,Travel,1610.13,expense,Gas with policy cut.
2024-10-02,Shopping,400.17,expense,Country little reality level.
2024-10-03,Utilities,951.24,expense,Not friend federal forget bit.
2024-10-04,Other,4592.0,income,Detail about development discover.
2024-10-04,Other,4486.0,income,Lose shoulder spring.
2024-10-07,Food & Drink,802.82,expense,Hundred step according.
2024-10-08,Food & Drink,438.78,expense,Group never.
2024-10-09,Rent,905.21,expense,Key place tree.
2024-10-10,Health & Fitness,727.01,expense,Wish current.
2024-10-10,Travel,694.84,expense,Despite energy company.
2024-10-11,Health & Fitness,1736.06,expense,Condition again successful.
2024-10-12,Entertainment,1157.94,expense,Story case.
2024-10-15,Utilities,1958.95,expense,Very figure drive special.
2024-10-17,Health & Fitness,1349.65,expense,With young think there assume.
2024-10-17,Salary,1780.37,expense,Some court her.
2024-10-18,Travel,932.87,expense,Outside with each animal.
2024-10-19,Utilities,1284.76,expense,Take family chance.
2024-10-19,Shopping,1266.23,expense,Picture evidence.
2024-10-21,Rent,167.43,expense,Why though decide bank likely.
2024-10-21,Health & Fitness,640.59,expense,Meet seem population.
2024-10-21,Travel,1214.72,expense,Material less focus hear.
2024-10-23,Salary,1564.14,expense,Listen ok point so.
2024-10-24,Salary,833.84,expense,Detail data tell.
2024-10-28,Investment,1524.0,income,Fill thousand number.
2024-11-01,Travel,1881.47,expense,Nearly care base.
2024-11-02,Rent,429.04,expense,Goal once let perform international.
2024-11-03,Rent,136.95,expense,Important source first him.
2024-11-03,Food & Drink,62.47,expense,Doctor population grow bar.
2024-11-11,Rent,216.82,expense,National back everybody direction budget.
2024-11-11,Rent,1313.12,expense,National free.
2024-11-12,Travel,466.42,expense,Few spring raise.
2024-11-13,Salary,1256.7,expense,Relationship your your.
2024-11-13,Investment,734.0,income,Across federal state.
2024-11-13,Other,3164.0,income,State serious activity pressure.
2024-11-13,Salary,1950.21,expense,Dinner rich decide do.
2024-11-14,Travel,1101.61,expense,Serious reveal left social fine.
2024-11-14,Investment,4240.0,income,Show recently decide last.
2024-11-16,Shopping,1051.69,expense,Hear officer.
2024-11-17,Travel,1818.76,expense,Wall act special.
2024-11-17,Entertainment,1611.37,expense,Different international sell several.
2024-11-17,Health & Fitness,830.29,expense,For age size.
2024-11-17,Investment,500.0,income,With yes nothing.
2024-11-18,Utilities,694.33,expense,Woman daughter hospital move.
2024-11-18,Food & Drink,1378.66,expense,Board notice later thus.
2024-11-19,Salary,606.22,expense,Bit need allow.
2024-11-20,Travel,1198.04,expense,Cost attorney.
2024-11-20,Health & Fitness,385.26,expense,Day fact modern.
2024-11-22,Shopping,795.56,expense,Happy action.
2024-11-23,Other,3599.0,income,Hospital writer can industry.
2024-11-24,Rent,850.26,expense,Western tend candidate day.
2024-11-24,Travel,576.51,expense,City offer financial data.
2024-11-24,Travel,831.68,expense,Cut yard knowledge.
2024-11-25,Utilities,281.88,expense,Space moment travel these least.
2024-11-25,Other,4209.0,income,Say explain.
2024-11-25,Salary,383.7,expense,Red republican father party.
2024-11-26,Investment,4882.0,income,Eat tonight run leader.
2024-11-29,Investment,2811.0,income,Believe recognize analysis those citizen.
2024-11-30,Salary,1456.94,expense,Project at risk.
2024-12-02,Utilities,39.3,expense,In seven building hard.
2024-12-05,Shopping,630.04,expense,Short for late education.
2024-12-06,Health & Fitness,932.73,expense,Left available.
2024-12-09,Health & Fitness,169.64,expense,Gas human create also.
2024-12-11,Utilities,121.52,expense,Remember carry.
2024-12-12,Rent,1090.95,expense,Leave bar prevent require.
2024-12-12,Other,3625.0,income,Likely evidence claim.
2024-12-15,Rent,1949.45,expense,Beyond family movement hospital back.
2024-12-16,Shopping,1544.74,expense,Child group describe.
2024-12-19,Food & Drink,406.37,expense,Democratic recent student specific political.
2024-12-19,Rent,1047.07,expense,Real know our any.
2024-12-21,Salary,784.35,expense,Up hear draw.
2024-12-23,Health & Fitness,325.64,expense,Instead writer.
2024-12-28,Rent,514.09,expense,Quite as when.
2024-12-28,Entertainment,727.25,expense,Right analysis mention.
2024-12-28,Investment,1425.0,income,No couple debate must.
2024-12-29,Shopping,655.78,expense,Discussion black follow.
2024-12-29,Other,1480.0,income,Pressure activity defense detail.
